"[' anxiety and nervousness', '88']","[' depression', '55']","[' shortness of breath', '40']"
"[' hoarse voice', '91']","[' sore throat', '47']","[' difficulty speaking', '27']"
"[' groin mass', '27']","[' lack of growth', '27']","[' blood in stool', '27']"
"[' symptoms of the scrotum and testes', '50']","[' swelling of scrotum', '16']","[' pus draining from ear', ' 9']"
"[' abusing alcohol', '78']","[' fainting', '64']","[' hostile behavior', '45']"
"[' vaginal dryness', '45']","[' vaginal itching', '45']","[' painful urination', '40']"
"[' hand or finger pain', '71']","[' wrist pain', '67']","[' hand or finger swelling', '39']"
"[' lip swelling', '87']","[' sore throat', '42']","[' toothache', '40']"
"[' eye deviation', '41']","[' diminished vision', '39']","[' double vision', '36']"
"[' headache', '98']","[' nausea', '65']","[' back pain', '65']"
"[' vomiting', '84']","[' infant spitting up', '35']","[' vomiting blood', '35']"
"[' peripheral edema', '44']","[' sore throat', '44']","[' swollen lymph nodes', '35']"
"[' knee pain', '84']","[' foot or toe pain', '68']","[' bowlegged or knock-kneed', '40']"
"[' knee pain', '94']","[' knee swelling', '30']","[' leg pain', '30']"
"[' weight gain', '18']","[' mouth dryness', ' 4']","[' jaundice', ' 4']"
"[' vaginal discharge', '78']","[' vaginal itching', '59']","[' sharp abdominal pain', '49']"
"[' dizziness', '37']","[' shortness of breath', '35']","[' sharp chest pain', '35']"
"[' ringing in ear', '91']","[' diminished hearing', '69']","[' dizziness', '60']"
"[' diminished vision', '46']","[' pain in eye', '32']","[' symptoms of eye', '26']"
"[' depression', '63']","[' anxiety and nervousness', '51']","[' depressive or psychotic symptoms', '43']"
"[' loss of sensation', '62']","[' dizziness', '53']","[' headache', '51']"
"[' side pain', '75']","[' fever', '70']","[' sharp abdominal pain', '70']"
"[' shoulder pain', '94']","[' arm pain', '31']","[' shoulder stiffness or tightness', '18']"
"[' back pain', '76']","[' low back pain', '63']","[' ache all over', '48']"
"[' sharp abdominal pain', '76']","[' pain during pregnancy', '75']","[' problems during pregnancy', '49']"
"[' sharp abdominal pain', '33']","[' upper abdominal pain', '31']","[' stomach bloating', '13']"
"[' cough', '64']","[' shortness of breath', '61']","[' sharp chest pain', '53']"
"[' hand or finger pain', '82']","[' hand or finger swelling', '47']","[' wrist pain', '34']"
"[' sharp abdominal pain', '83']","[' upper abdominal pain', '59']","[' vomiting', '57']"
"[' hip pain', '84']","[' leg pain', '45']","[' groin pain', '28']"
"[' sharp abdominal pain', '39']","[' shortness of breath', '30']","[' peripheral edema', '24']"
"[' sharp chest pain', '68']","[' dizziness', '42']","[' shortness of breath', '38']"
"[' headache', '67']","[' problems with movement', '36']","[' dizziness', '36']"
"[' preoccupation with sex', '91']","[' wrist cramps or spasms', '91']","[' joint cramps or spasms', '91']"
"[' diminished vision', '71']","[' spots or clouds in vision', '33']","[' pain in eye', '25']"
"[' back pain', '59']","[' ache all over', '54']","[' neck pain', '53']"
"[' sharp abdominal pain', '84']","[' diarrhea', '62']","[' vomiting', '62']"
"[' excessive anger', '58']","[' temper problems', '58']","[' smoking problems', '40']"
"[' sharp abdominal pain', '87']","[' nausea', '56']","[' vomiting', '48']"
"[' sharp abdominal pain', '68']","[' sharp chest pain', '59']","[' upper abdominal pain', '45']"
"[' sharp abdominal pain', '89']","[' vomiting', '72']","[' nausea', '65']"
"[' leg pain', '70']","[' leg swelling', '40']","[' arm pain', '31']"
"[' cough', '74']","[' shortness of breath', '61']","[' wheezing', '55']"
"[' vaginal discharge', '54']","[' pelvic pain', '22']","[' painful urination', '22']"
"[' abnormal involuntary movements', '77']","[' leg pain', '49']","[' headache', '39']"
"[' sharp chest pain', '89']","[' chest tightness', '69']","[' shortness of breath', '69']"
"[' seizures', '90']","[' headache', '87']","[' abnormal involuntary movements', '43']"
"[' spotting or bleeding during pregnancy', '67']","[' sharp abdominal pain', '59']","[' pain during pregnancy', '54']"
"[' fever', '82']","[' irritable infant', '65']","[' pulling at ears', '65']"
"[' vomiting', '91']","[' diarrhea', '89']","[' nausea', '72']"
"[' cough', '81']","[' nasal congestion', '75']","[' sore throat', '66']"
"[' seizures', '49']","[' excessive growth', '32']","[' kidney mass', '32']"
"[' depressive or psychotic symptoms', '83']","[' delusions or hallucinations', '58']","[' anxiety and nervousness', '52']"
"[' depression', '57']","[' recent pregnancy', '33']","[' problems during pregnancy', '33']"
"[' sharp chest pain', '55']","[' shortness of breath', '41']","[' fatigue', '20']"
"[' back pain', '88']","[' low back pain', '83']","[' leg pain', '47']"
"[' headache', '56']","[' diminished vision', '33']","[' loss of sensation', '33']"
"[' sharp abdominal pain', '49']","[' pelvic pain', '42']","[' heavy menstrual flow', '37']"
"[' intermenstrual bleeding', '63']","[' unpredictable menstruation', '43']","[' long menstrual periods', '39']"
"[' mass on eyelid', '84']","[' pain in eye', '58']","[' swollen eye', '45']"
"[' sharp abdominal pain', '63']","[' lower abdominal pain', '48']","[' pelvic pain', '44']"
"[' diminished vision', '70']","[' spots or clouds in vision', '38']","[' symptoms of eye', '35']"
"[' vaginal itching', '79']","[' vaginal discharge', '77']","[' painful urination', '41']"
"[' ear pain', '84']","[' dizziness', '49']","[' fluid in ear', '42']"
"[' back pain', '63']","[' sharp chest pain', '55']","[' rib pain', '44']"
"[' sharp chest pain', '64']","[' joint pain', '36']","[' leg swelling', '36']"
"[' irregular appearing nails', '87']","[' foot or toe pain', '73']","[' skin on leg or foot looks infected', '46']"
"[' cough', '83']","[' shortness of breath', '76']","[' fever', '74']"
"[' hip pain', '29']","[' leg pain', '29']","[' hip swelling', ' 6']"
"[' diminished vision', '76']","[' pain in eye', '62']","[' eye redness', '43']"
"[' difficulty in swallowing', '48']","[' vomiting', '32']","[' sharp abdominal pain', '26']"
"[' pain in eye', '86']","[' eye redness', '83']","[' swollen eye', '56']"
"[' diarrhea', '64']","[' vomiting', '51']","[' sharp abdominal pain', '43']"
"[' preoccupation with sex', '91']","[' wrist cramps or spasms', '91']","[' joint cramps or spasms', '91']"
"[' warts', '87']","[' skin lesion', '41']","[' skin growth', '24']"
"[' sweating', '88']","[' warts', '58']","[' acne or pimples', '50']"
"[' focal weakness', '46']","[' dizziness', '43']","[' headache', '37']"
"[' skin growth', '52']","[' lower body pain', '41']","[' ache all over', '32']"
"[' hand or finger pain', '62']","[' foot or toe pain', '30']","[' hand or finger swelling', '22']"
"[' problems with movement', '65']","[' headache', '54']","[' disturbance of memory', '36']"
"[' too little hair', '94']","[' irregular appearing scalp', '28']","[' skin rash', '26']"
"[' weight gain', '19']","[' constipation', '19']","[' premenstrual tension or irritability', '11']"
"[' foot or toe pain', '74']","[' knee pain', '43']","[' ankle pain', '31']"
"[' upper abdominal pain', '56']","[' sharp abdominal pain', '56']","[' nausea', '35']"
"[' knee pain', '92']","[' knee swelling', '64']","[' knee lump or mass', '36']"
"[' involuntary urination', '62']","[' frequent urination', '36']","[' symptoms of bladder', '28']"
"[' arm pain', '61']","[' wrist pain', '58']","[' elbow pain', '39']"
"[' leg pain', '30']","[' nosebleed', '17']","[' leg swelling', '17']"
"[' headache', '63']","[' disturbance of memory', '32']","[' problems with movement', '32']"
"[' shortness of breath', '52']","[' weakness', '49']","[' nausea', '45']"
"[' pain in eye', '80']","[' eye redness', '66']","[' diminished vision', '55']"
"[' cough', '81']","[' shortness of breath', '72']","[' sharp chest pain', '72']"
"[' sore throat', '00']","[' fever', '00']","[' preoccupation with sex', '32']"
"[' cough', '75']","[' nasal congestion', '75']","[' headache', '62']"
"[' diminished hearing', '63']","[' ear pain', '63']","[' mass on ear', '34']"
"[' sharp abdominal pain', '90']","[' vomiting', '65']","[' constipation', '47']"
"[' hand or finger pain', '66']","[' hand or finger swelling', '35']","[' hand or finger stiffness or tightness', ' 8']"
"[' depressive or psychotic symptoms', '43']","[' depression', '36']","[' vomiting', '29']"
"[' shortness of breath', '46']","[' sharp chest pain', '38']","[' palpitations', '31']"
"[' itching of the anus', '69']","[' sharp abdominal pain', '65']","[' pain of the anus', '54']"
"[' side pain', '67']","[' sharp abdominal pain', '53']","[' lower abdominal pain', '42']"
"[' skin lesion', '38']","[' ache all over', '25']","[' abnormal appearing skin', '21']"
"[' sharp chest pain', '80']","[' difficulty in swallowing', '71']","[' regurgitation', '31']"
"[' diminished hearing', '85']","[' ear pain', '43']","[' plugged feeling in ear', '40']"
"[' sharp abdominal pain', '65']","[' groin mass', '32']","[' ache all over', '29']"
"[' seizures', '51']","[' problems with movement', '29']","[' cramps and spasms', '14']"
"[' drug abuse', '76']","[' abusing alcohol', '56']","[' depressive or psychotic symptoms', '50']"
"[' lip swelling', '63']","[' fainting', '63']","[' seizures', '63']"
"[' weight gain', '56']","[' abnormal breathing sounds', '10']","[' apnea', '10']"
"[' sharp abdominal pain', '74']","[' burning abdominal pain', '63']","[' nausea', '55']"
"[' shoulder pain', '88']","[' knee pain', '55']","[' elbow pain', '47']"
"[' fatigue', '32']","[' weakness', '32']","[' ache all over', '32']"
"[' shortness of breath', '85']","[' sharp chest pain', '65']","[' difficulty breathing', '56']"
"[' knee pain', '52']","[' joint pain', '37']","[' back pain', '26']"
"[' abnormal appearing skin', '72']","[' skin lesion', '70']","[' skin dryness', '54']"
"[' ear pain', '84']","[' fever', '70']","[' cough', '67']"
"[' diminished vision', '70']","[' symptoms of eye', '29']","[' lacrimation', '24']"
"[' seizures', '85']","[' symptoms of the kidneys', '45']","[' difficulty speaking', '45']"
"[' cough', '69']","[' shortness of breath', '63']","[' hurts to breath', '44']"
"[' diminished hearing', '91']","[' dizziness', '70']","[' ringing in ear', '59']"
"[' jaundice', '86']","[' infant feeding problem', '24']","[' irritable infant', '10']"
"[' cough', '83']","[' shortness of breath', '70']","[' nasal congestion', '54']"
"[' arm pain', '77']","[' elbow pain', '67']","[' arm stiffness or tightness', '51']"
"[' low back pain', '77']","[' back pain', '70']","[' neck pain', '66']"
"[' fever', '92']","[' skin rash', '69']","[' sore throat', '62']"
"[' shoulder pain', '94']","[' arm pain', '50']","[' neck pain', '39']"
"[' depression', '52']","[' disturbance of memory', '34']","[' drug abuse', '34']"
"[' abnormal appearing skin', '46']","[' leg pain', '29']","[' fever', '29']"
"[' leg pain', '66']","[' leg swelling', '57']","[' abnormal appearing skin', '15']"
"[' weakness', '52']","[' nausea', '42']","[' decreased appetite', '34']"
"[' abnormal involuntary movements', '85']","[' seizures', '68']","[' arm cramps or spasms', '19']"
"[' foot or toe pain', '94']","[' ankle pain', '50']","[' foot or toe swelling', '32']"
"[' nosebleed', '58']","[' itchy scalp', '20']","[' long menstrual periods', '20']"
"[' skin lesion', '23']","[' lower body pain', '18']","[' weight gain', '13']"
"[' sharp chest pain', '48']","[' shortness of breath', '46']","[' dizziness', '39']"
"[' rectal bleeding', '42']","[' blood in stool', '35']","[' constipation', '31']"
"[' retention of urine', '29']","[' recent weight loss', '17']","[' symptoms of the scrotum and testes', '17']"
"[' dizziness', '49']","[' sharp abdominal pain', '49']","[' leg pain', '43']"
"[' infertility', '92']","[' unpredictable menstruation', '15']","[' long menstrual periods', ' 6']"
"[' sharp chest pain', '88']","[' shortness of breath', '66']","[' chest tightness', '45']"
"[' depressive or psychotic symptoms', '53']","[' depression', '34']","[' anxiety and nervousness', '32']"
"[' painful urination', '77']","[' diminished vision', '77']","[' arm pain', '77']"
"[' lack of growth', '40']","[' low back pain', '40']","[' leg pain', '40']"
"[' sharp chest pain', '94']","[' rib pain', '51']","[' shortness of breath', '49']"
"[' double vision', '53']","[' headache', '40']","[' diminished vision', '35']"
"[' wrist pain', '80']","[' elbow pain', '69']","[' arm pain', '54']"
"[' seizures', '69']","[' depression', '58']","[' sweating', '40']"
"[' loss of sensation', '63']","[' leg pain', '52']","[' foot or toe pain', '42']"
"[' diminished hearing', '94']","[' plugged feeling in ear', '53']","[' ear pain', '53']"
"[' back pain', '72']","[' rib pain', '59']","[' sharp chest pain', '53']"
"[' fatigue', '30']","[' weight gain', '12']","[' too little hair', ' 4']"
"[' insomnia', '76']","[' abnormal breathing sounds', '53']","[' fatigue', '51']"
"[' itchy scalp', '49']","[' skin rash', '49']","[' cough', '39']"
"[' fatigue', '36']","[' disturbance of memory', '14']","[' paresthesia', '14']"
"[' weight gain', ' 7']","[' thirst', ' 2']","[' symptoms of the kidneys', ' 1']"
"[' pelvic pain', '76']","[' sharp abdominal pain', '74']","[' lower abdominal pain', '52']"
"[' pelvic pain', '67']","[' sharp abdominal pain', '61']","[' lower abdominal pain', '30']"
"[' skin rash', '46']","[' skin lesion', '38']","[' headache', '35']"
"[' headache', '83']","[' dizziness', '49']","[' neck pain', '45']"
"[' tongue lesions', '73']","[' mouth pain', '45']","[' gum pain', '45']"
"[' fatigue', '35']","[' shortness of breath', '25']","[' symptoms of the kidneys', '21']"
"[' symptoms of bladder', '59']","[' blood in urine', '53']","[' frequent urination', '46']"
"[' diminished vision', '78']","[' spots or clouds in vision', '55']","[' eye burns or stings', '32']"
"[' penis pain', '85']","[' painful urination', '51']","[' premature ejaculation', '33']"
"[' leg pain', '42']","[' knee pain', '40']","[' skin rash', '26']"
"[' sore throat', '85']","[' fever', '70']","[' headache', '57']"
"[' back pain', '73']","[' leg pain', '64']","[' loss of sensation', '60']"
"[' side pain', '45']","[' blood in urine', '40']","[' sharp abdominal pain', '34']"
"[' depressive or psychotic symptoms', '64']","[' depression', '62']","[' anxiety and nervousness', '48']"
"[' shortness of breath', '72']","[' symptoms of the kidneys', '43']","[' congestion in chest', '43']"
"[' loss of sensation', '78']","[' weakness', '67']","[' leg weakness', '53']"
"[' sharp chest pain', '44']","[' sharp abdominal pain', '43']","[' vomiting', '33']"
"[' diminished vision', '83']","[' spots or clouds in vision', '72']","[' blindness', '40']"
"[' skin rash', '83']","[' allergic reaction', '62']","[' problems with movement', '51']"
"[' tongue lesions', '31']","[' toothache', '27']","[' seizures', '23']"
"[' skin lesion', '53']","[' skin rash', '53']","[' skin dryness', '42']"
"[' double vision', '50']","[' weakness', '48']","[' fatigue', '36']"
"[' depressive or psychotic symptoms', '49']","[' weakness', '45']","[' dizziness', '39']"
"[' absence of menstruation', '78']","[' unpredictable menstruation', '36']","[' sharp abdominal pain', '36']"
"[' ankle pain', '86']","[' ankle swelling', '56']","[' foot or toe pain', '38']"
"[' headache', '81']","[' nausea', '72']","[' dizziness', '53']"
"[' shortness of breath', '77']","[' dizziness', '67']","[' sharp chest pain', '67']"
"[' foot or toe pain', '95']","[' ankle pain', '36']","[' knee pain', '24']"
"[' diminished vision', '70']","[' abnormal movement of eyelid', '24']","[' symptoms of eye', '24']"
"[' depressive or psychotic symptoms', '68']","[' sleepiness', '31']","[' depression', '27']"
"[' skin lesion', '54']","[' skin rash', '54']","[' abnormal appearing skin', '47']"
"[' impotence', '67']","[' penis pain', '58']","[' symptoms of prostate', '34']"
"[' sharp abdominal pain', '63']","[' sharp chest pain', '48']","[' nausea', '45']"
"[' abnormal involuntary movements', '66']","[' seizures', '41']","[' anxiety and nervousness', '31']"
"[' dizziness', '84']","[' diminished hearing', '66']","[' ringing in ear', '52']"
"[' rectal bleeding', '80']","[' pain of the anus', '75']","[' blood in stool', '65']"
"[' skin rash', '85']","[' allergic reaction', '65']","[' itching of skin', '61']"
"[' redness in ear', '68']","[' ear pain', '63']","[' nasal congestion', '50']"
"[' hand or finger pain', '69']","[' foot or toe pain', '54']","[' hand or finger swelling', '35']"
"[' constipation', '86']","[' ankle pain', '41']","[' vomiting', '41']"
"[' fatigue', '47']","[' shoulder pain', '42']","[' ache all over', '36']"
"[' skin lesion', '56']","[' leg swelling', '49']","[' peripheral edema', '45']"
"[' blood in urine', '44']","[' retention of urine', '18']","[' symptoms of bladder', '14']"
"[' cough', '89']","[' shortness of breath', '74']","[' wheezing', '63']"
"[' diminished vision', '62']","[' pain in eye', '41']","[' symptoms of eye', '36']"
"[' sharp chest pain', '29']","[' lip swelling', '12']","[' drug abuse', '12']"
"[' knee pain', '90']","[' knee swelling', '22']","[' knee stiffness or tightness', '12']"
"[' back pain', '81']","[' leg pain', '81']","[' low back pain', '76']"
"[' weakness', '39']","[' dizziness', '28']","[' loss of sensation', '20']"
"[' involuntary urination', '90']","[' frequent urination', '42']","[' symptoms of bladder', '23']"
"[' skin lesion', '65']","[' leg pain', '50']","[' peripheral edema', '26']"
"[' side pain', '60']","[' sharp abdominal pain', '57']","[' blood in urine', '49']"
"[' swelling of scrotum', '75']","[' pain in testicles', '68']","[' groin pain', '38']"
"[' back pain', '78']","[' low back pain', '77']","[' leg pain', '61']"
"[' unwanted hair', '82']","[' unpredictable menstruation', '32']","[' acne or pimples', '32']"
"[' foot or toe pain', '78']","[' knee weakness', '37']","[' ankle pain', '37']"
"[' side pain', '67']","[' sharp abdominal pain', '56']","[' back pain', '39']"
"[' sharp abdominal pain', '70']","[' rectal bleeding', '40']","[' constipation', '40']"
"[' sharp abdominal pain', '68']","[' back pain', '64']","[' sharp chest pain', '61']"
"[' symptoms of the face', '41']","[' drug abuse', '41']","[' problems with movement', '41']"
"[' preoccupation with sex', '91']","[' wrist cramps or spasms', '91']","[' joint cramps or spasms', '91']"
"[' fatigue', '24']","[' neck mass', ' 5']","[' regurgitation', ' 4']"
"[' abnormal appearing skin', '74']","[' skin lesion', '51']","[' skin rash', '45']"
"[' fatigue', '67']","[' weakness', '38']","[' shortness of breath', '24']"
"[' sharp abdominal pain', '42']","[' side pain', '33']","[' rib pain', '30']"
"[' pain in eye', '83']","[' eye redness', '76']","[' lacrimation', '42']"
"[' symptoms of eye', '56']","[' pain in eye', '56']","[' eye redness', '52']"
"[' skin rash', '86']","[' itching of skin', '41']","[' abnormal appearing skin', '35']"
"[' weakness', '40']","[' depressive or psychotic symptoms', '40']","[' diarrhea', '40']"
"[' dizziness', '77']","[' feeling ill', '60']","[' weakness', '60']"
"[' ear pain', '70']","[' diminished hearing', '17']","[' bleeding from ear', '14']"
"[' premenstrual tension or irritability', '64']","[' headache', '56']","[' unpredictable menstruation', '40']"
"[' swollen eye', '92']","[' eye redness', '82']","[' pain in eye', '69']"
"[' knee pain', '71']","[' foot or toe pain', '54']","[' ankle pain', '46']"
"[' depressive or psychotic symptoms', '69']","[' sharp abdominal pain', '42']","[' shortness of breath', '36']"
"[' low back pain', '31']","[' ache all over', '27']","[' leg pain', '27']"
"[' preoccupation with sex', '91']","[' wrist cramps or spasms', '91']","[' joint cramps or spasms', '91']"
"[' preoccupation with sex', '32']","[' wrist cramps or spasms', '32']","[' joint cramps or spasms', '32']"
"[' back pain', '81']","[' shoulder pain', '64']","[' neck pain', '53']"
"[' shortness of breath', '78']","[' cough', '62']","[' sharp chest pain', '39']"
"[' sharp chest pain', '49']","[' palpitations', '42']","[' shortness of breath', '42']"
"[' abnormal involuntary movements', '64']","[' problems with movement', '41']","[' disturbance of memory', '28']"
"[' foot or toe pain', '75']","[' knee pain', '48']","[' foot or toe swelling', '43']"
"[' ear pain', '86']","[' fever', '76']","[' cough', '71']"
"[' drug abuse', '67']","[' depressive or psychotic symptoms', '46']","[' depression', '40']"
"[' fatigue', '50']","[' chills', '11']","[' difficulty speaking', ' 6']"
"[' shoulder pain', '85']","[' arm pain', '28']","[' bones are painful', '26']"
"[' shortness of breath', '41']","[' weakness', '39']","[' vomiting', '30']"
"[' spotting or bleeding during pregnancy', '79']","[' sharp abdominal pain', '69']","[' pain during pregnancy', '69']"
"[' seizures', '68']","[' low back pain', '58']","[' back pain', '58']"
"[' toothache', '89']","[' gum pain', '53']","[' facial pain', '46']"
"[' skin lesion', '21']","[' recent pregnancy', '10']","[' skin swelling', '10']"
"[' blood in stool', '75']","[' rectal bleeding', '68']","[' sharp abdominal pain', '53']"
"[' skin rash', '74']","[' skin dryness', '49']","[' abnormal appearing skin', '47']"
"[' drug abuse', '66']","[' depressive or psychotic symptoms', '54']","[' anxiety and nervousness', '39']"
"[' neck pain', '89']","[' neck stiffness or tightness', '51']","[' headache', '50']"
"[' depressive or psychotic symptoms', '52']","[' dizziness', '52']","[' itching of skin', '41']"
"[' headache', '97']","[' neck pain', '51']","[' nausea', '36']"
"[' abusing alcohol', '79']","[' depressive or psychotic symptoms', '60']","[' vomiting', '41']"
"[' skin moles', '91']","[' sharp abdominal pain', '91']","[' preoccupation with sex', '20']"
"[' sleepiness', '79']","[' fatigue', '46']","[' apnea', '41']"
"[' allergic reaction', '85']","[' skin rash', '62']","[' itching of skin', '38']"
"[' dizziness', '97']","[' nausea', '66']","[' vomiting', '61']"
"[' anxiety and nervousness', '82']","[' depression', '43']","[' sharp chest pain', '38']"
"[' depressive or psychotic symptoms', '55']","[' hostile behavior', '44']","[' anxiety and nervousness', '44']"
"[' lacrimation', '68']","[' symptoms of eye', '47']","[' eye redness', '47']"
"[' nasal congestion', '84']","[' cough', '73']","[' fever', '62']"
"[' irregular belly button ', '86']","[' flatulence', '27']","[' jaundice', '27']"
"[' fatigue', '26']","[' fever', '25']","[' mouth pain', ' 3']"
"[' focal weakness', '82']","[' loss of sensation', '70']","[' symptoms of the face', '67']"
"[' eye redness', '74']","[' itchiness of eye', '71']","[' pain in eye', '67']"
"[' skin rash', '68']","[' allergic reaction', '52']","[' itching of skin', '40']"
"[' skin rash', '27']","[' dizziness', '27']","[' cough', '27']"
"[' diminished vision', '72']","[' spots or clouds in vision', '31']","[' pain in eye', '27']"
"[' knee pain', '77']","[' hip pain', '41']","[' shoulder pain', '41']"
"[' neck mass', '19']","[' difficulty in swallowing', '14']","[' lump in throat', ' 6']"
"[' cough', '88']","[' fever', '85']","[' sore throat', '80']"
"[' shortness of breath', '52']","[' sharp chest pain', '42']","[' palpitations', '33']"
"[' shortness of breath', '49']","[' sharp abdominal pain', '49']","[' paresthesia', '43']"
"[' diminished vision', '80']","[' spots or clouds in vision', '45']","[' symptoms of eye', '25']"
"[' cough', '82']","[' fever', '75']","[' shortness of breath', '69']"
"[' skin rash', '50']","[' lip sore', '38']","[' mouth ulcer', '35']"
"[' palpitations', '73']","[' irregular heartbeat', '59']","[' sharp chest pain', '40']"
"[' preoccupation with sex', '32']","[' wrist cramps or spasms', '32']","[' joint cramps or spasms', '32']"
"[' mass in scrotum', '36']","[' ache all over', '27']","[' anxiety and nervousness', '27']"
"[' headache', '54']","[' seizures', '49']","[' vomiting', '29']"
"[' lump or mass of breast', '21']","[' pain or soreness of breast', ' 9']","[' hot flashes', ' 7']"
"[' fatigue', '42']","[' shortness of breath', '35']","[' difficulty in swallowing', '15']"
"[' changes in stool appearance', '41']","[' burning abdominal pain', '41']","[' nausea', '41']"
"[' vaginal bleeding after menopause', '76']","[' intermenstrual bleeding', '32']","[' long menstrual periods', '15']"
"[' cough', '48']","[' feeling ill', '28']","[' decreased appetite', '11']"
"[' skin rash', '87']","[' abnormal appearing skin', '47']","[' skin dryness', '38']"
"[' shoulder pain', '30']","[' weakness', '24']","[' anxiety and nervousness', '24']"
"[' weakness', '44']","[' shortness of breath', '44']","[' problems with movement', '34']"
"[' facial pain', '84']","[' ear pain', '81']","[' headache', '54']"
"[' sleepiness', '69']","[' abnormal breathing sounds', '51']","[' insomnia', '51']"
"[' suprapubic pain', '61']","[' fever', '47']","[' blood in urine', '22']"
"[' hand or finger pain', '84']","[' fatigue', '84']","[' preoccupation with sex', '14']"
"[' penile discharge', '72']","[' sharp abdominal pain', '48']","[' vaginal discharge', '44']"
"[' rib pain', '81']","[' sharp chest pain', '61']","[' back pain', '49']"
"[' diminished vision', '68']","[' pain in eye', '43']","[' eyelid swelling', '27']"
"[' sharp abdominal pain', '53']","[' diarrhea', '33']","[' nausea', '33']"
"[' sharp abdominal pain', '56']","[' spotting or bleeding during pregnancy', '36']","[' pelvic pain', '25']"
"[' shoulder pain', '61']","[' arm pain', '32']","[' shoulder stiffness or tightness', '14']"
"[' sharp abdominal pain', '79']","[' pain during pregnancy', '66']","[' spotting or bleeding during pregnancy', '60']"
"[' knee pain', '95']","[' leg pain', '47']","[' knee swelling', '34']"
"[' symptoms of eye', '65']","[' lacrimation', '46']","[' double vision', '30']"
"[' fatigue', '41']","[' hip stiffness or tightness', ' 8']","[' knee stiffness or tightness', ' 8']"
"[' abusing alcohol', '75']","[' depressive or psychotic symptoms', '49']","[' drug abuse', '41']"
"[' loss of sensation', '80']","[' hand or finger pain', '66']","[' wrist pain', '57']"
"[' headache', '44']","[' lack of growth', '38']","[' bleeding or discharge from nipple', '14']"
"[' side pain', '80']","[' sharp abdominal pain', '62']","[' back pain', '51']"
"[' seizures', '41']","[' depressive or psychotic symptoms', '29']","[' hostile behavior', '24']"
"[' neck swelling', '74']","[' skin swelling', '74']","[' arm lump or mass', '57']"
"[' diminished vision', '62']","[' pain in eye', '30']","[' symptoms of eye', '28']"
"[' spots or clouds in vision', '66']","[' diminished vision', '64']","[' blindness', '39']"
"[' fatigue', '41']","[' fever', '36']","[' weakness', '29']"
"[' retention of urine', '55']","[' involuntary urination', '41']","[' symptoms of bladder', '35']"
"[' preoccupation with sex', '91']","[' wrist cramps or spasms', '91']","[' joint cramps or spasms', '91']"
"[' fatigue', '47']","[' cough', '41']","[' weakness', '25']"
"[' elbow pain', '92']","[' arm pain', '53']","[' shoulder pain', '38']"
"[' pain in eye', '55']","[' diminished vision', '25']","[' symptoms of eye', '18']"
"[' skin rash', '50']","[' headache', '34']","[' foot or toe swelling', '17']"
"[' impotence', '12']","[' leg swelling', '12']","[' thirst', ' 7']"
"[' nasal congestion', '83']","[' cough', '69']","[' fever', '47']"
"[' vomiting', '59']","[' nausea', '53']","[' antisocial behavior', '45']"
"[' toothache', '95']","[' gum pain', '45']","[' facial pain', '40']"
"[' sharp chest pain', '26']","[' palpitations', '12']","[' weight gain', ' 8']"
"[' knee pain', '85']","[' leg pain', '43']","[' knee swelling', '23']"
"[' shortness of breath', '43']","[' nausea', '26']","[' weakness', '25']"
"[' hip pain', '83']","[' low back pain', '36']","[' leg pain', '29']"
"[' neck pain', '68']","[' back pain', '62']","[' shoulder pain', '51']"
"[' leg pain', '29']","[' headache', '25']","[' cough', '25']"
"[' thirst', '60']","[' weakness', '60']","[' frequent urination', '49']"
"[' sore throat', '94']","[' difficulty in swallowing', '62']","[' swollen or red tonsils', '41']"
"[' vomiting', '85']","[' nausea', '75']","[' sharp abdominal pain', '74']"
"[' itching of skin', '86']","[' skin rash', '78']","[' allergic reaction', '32']"
"[' preoccupation with sex', '91']","[' wrist cramps or spasms', '91']","[' joint cramps or spasms', '91']"
"[' fatigue', '43']","[' skin lesion', '30']","[' dizziness', '30']"
"[' sharp chest pain', '26']","[' fatigue', '21']","[' blood in urine', '13']"
"[' sore throat', '28']","[' difficulty in swallowing', '23']","[' mouth pain', '15']"
"[' knee pain', '87']","[' wrist pain', '51']","[' foot or toe pain', '51']"
"[' fatigue', '22']","[' weight gain', '15']","[' neck mass', '12']"
"[' frequent urination', '80']","[' involuntary urination', '58']","[' symptoms of bladder', '44']"
"[' suprapubic pain', '68']","[' fever', '68']","[' preoccupation with sex', ' 8']"
"[' arm pain', '26']","[' elbow pain', '12']","[' redness in or around nose', ' 2']"
"[' fatigue', '48']","[' muscle weakness', '34']","[' headache', '34']"
"[' sharp abdominal pain', '84']","[' lower abdominal pain', '74']","[' pelvic pain', '68']"
"[' pain in eye', '87']","[' eye redness', '55']","[' symptoms of eye', '32']"
"[' weakness', '52']","[' fatigue', '34']","[' diarrhea', '34']"
"[' depression', '76']","[' anxiety and nervousness', '72']","[' depressive or psychotic symptoms', '44']"
"[' skin rash', '94']","[' fever', '86']","[' sore throat', '81']"
"[' palpitations', '48']","[' shortness of breath', '45']","[' sharp chest pain', '44']"
"[' drug abuse', '50']","[' abusing alcohol', '43']","[' anxiety and nervousness', '43']"
"[' infertility', '47']","[' unpredictable menstruation', '34']","[' weight gain', '27']"
"[' headache', '62']","[' loss of sensation', '53']","[' seizures', '53']"
"[' mass on eyelid', '73']","[' skin growth', '67']","[' eyelid lesion or rash', '48']"
"[' penis redness', '73']","[' penis pain', '53']","[' diaper rash', '47']"
"[' difficulty in swallowing', '78']","[' vomiting', '58']","[' sore throat', '47']"
"[' drug abuse', '76']","[' abusing alcohol', '55']","[' depressive or psychotic symptoms', '48']"
"[' diminished vision', '79']","[' blindness', '65']","[' spots or clouds in vision', '39']"
"[' abusing alcohol', '67']","[' seizures', '66']","[' abnormal involuntary movements', '55']"
"[' palpitations', '84']","[' irregular heartbeat', '66']","[' shortness of breath', '53']"
"[' seizures', '50']","[' headache', '46']","[' focal weakness', '42']"
"[' foot or toe pain', '90']","[' loss of sensation', '31']","[' skin lesion', '23']"
"[' facial pain', '29']","[' jaw swelling', '12']","[' fluid retention', '12']"
"[' knee pain', '86']","[' knee swelling', '64']","[' ankle pain', '35']"
"[' leg pain', '27']","[' leg swelling', '10']","[' skin on leg or foot looks infected', '10']"
"[' headache', '62']","[' disturbance of memory', '46']","[' weakness', '40']"
"[' headache', '52']","[' seizures', '45']","[' weakness', '21']"
"[' spotting or bleeding during pregnancy', '79']","[' uterine contractions', '69']","[' cramps and spasms', '51']"
"[' nasal congestion', '72']","[' cough', '65']","[' allergic reaction', '53']"
"[' shortness of breath', '44']","[' cough', '30']","[' fatigue', '24']"
"[' peripheral edema', '29']","[' symptoms of the kidneys', '24']","[' blood in urine', '15']"
"[' vaginal bleeding after menopause', '19']","[' pelvic pain', '10']","[' tongue lesions', ' 4']"
"[' symptoms of eye', '72']","[' diminished vision', '69']","[' pain in eye', '50']"
"[' lump or mass of breast', '77']","[' pain or soreness of breast', '58']","[' bleeding or discharge from nipple', '16']"
"[' skin rash', '79']","[' skin swelling', '52']","[' skin lesion', '44']"
"[' toothache', '93']","[' peripheral edema', '57']","[' facial pain', '52']"
"[' preoccupation with sex', '91']","[' wrist cramps or spasms', '91']","[' joint cramps or spasms', '91']"
"[' allergic reaction', '42']","[' itching of skin', '35']","[' skin rash', '35']"
"[' regurgitation', '49']","[' suprapubic pain', '49']","[' lower abdominal pain', '49']"
"[' dizziness', '66']","[' problems with movement', '52']","[' weakness', '52']"
"[' rectal bleeding', '86']","[' blood in stool', '67']","[' pain of the anus', '61']"
"[' symptoms of bladder', '73']","[' involuntary urination', '55']","[' retention of urine', '55']"
"[' dizziness', '98']","[' nausea', '63']","[' vomiting', '53']"
"[' abnormal movement of eyelid', '79']","[' diminished vision', '43']","[' eye moves abnormally', '27']"
"[' cough', '53']","[' shortness of breath', '46']","[' fatigue', '28']"
"[' fatigue', '21']","[' decreased appetite', ' 9']","[' focal weakness', ' 4']"
"[' hand or finger pain', '83']","[' hand or finger stiffness or tightness', '69']","[' wrist pain', '33']"
"[' pain in eye', '74']","[' swollen eye', '73']","[' eye redness', '60']"
"[' ache all over', '28']","[' abnormal appearing skin', '16']","[' recent weight loss', ' 9']"
"[' knee pain', '48']","[' foot or toe pain', '44']","[' skin growth', '32']"
"[' decreased heart rate', '34']","[' weight gain', '34']","[' shoulder pain', '34']"
"[' fever', '00']","[' preoccupation with sex', '32']","[' wrist cramps or spasms', '32']"
"[' spots or clouds in vision', '85']","[' diminished vision', '71']","[' symptoms of eye', '34']"
"[' skin growth', '78']","[' wrinkles on skin', '49']","[' abnormal appearing skin', '39']"
"[' vomiting blood', '77']","[' diminished hearing', '77']","[' shortness of breath', '77']"
"[' spotting or bleeding during pregnancy', '88']","[' sharp abdominal pain', '59']","[' pain during pregnancy', '53']"
"[' painful urination', '84']","[' skin rash', '84']","[' nasal congestion', '84']"
"[' cough', '98']","[' shortness of breath', '68']","[' fever', '68']"
"[' preoccupation with sex', '91']","[' wrist cramps or spasms', '91']","[' joint cramps or spasms', '91']"
"[' lip swelling', '25']","[' facial pain', '19']","[' mouth pain', '11']"
"[' problems during pregnancy', '40']","[' pain during pregnancy', '29']","[' uterine contractions', '24']"
"[' toothache', '60']","[' mouth pain', '52']","[' mouth ulcer', '50']"
"[' skin on arm or hand looks infected', ' 2']","[' shoulder stiffness or tightness', ' 1']","[' wrist swelling', ' 1']"
"[' headache', '63']","[' dizziness', '57']","[' weakness', '53']"
"[' disturbance of memory', '73']","[' depressive or psychotic symptoms', '38']","[' depression', '32']"
"[' pain during intercourse', '84']","[' pelvic pain', '52']","[' vaginal pain', '34']"
"[' sharp chest pain', '29']","[' ache all over', '26']","[' joint pain', '24']"
"[' infertility', '82']","[' absence of menstruation', '22']","[' unpredictable menstruation', '22']"
"[' arm pain', '68']","[' neck pain', '68']","[' shoulder pain', '54']"
"[' knee pain', '62']","[' wrist pain', '53']","[' leg pain', '53']"
"[' knee pain', '95']","[' knee swelling', '30']","[' shoulder pain', '30']"
"[' sharp abdominal pain', '74']","[' diarrhea', '42']","[' vomiting', '38']"
"[' fever', '40']","[' abnormal appearing skin', '33']","[' sharp abdominal pain', '27']"
"[' shortness of breath', '48']","[' sharp chest pain', '37']","[' weakness', '31']"
"[' shortness of breath', '84']","[' peripheral edema', '58']","[' sharp abdominal pain', '47']"
"[' irregular heartbeat', '70']","[' increased heart rate', '50']","[' palpitations', '48']"
"[' skin lesion', '75']","[' abnormal appearing skin', '44']","[' skin rash', '44']"
"[' spots or clouds in vision', '88']","[' diminished vision', '69']","[' lacrimation', '23']"
"[' toothache', '96']","[' facial pain', '44']","[' gum pain', '37']"
"[' sharp chest pain', '90']","[' shortness of breath', '56']","[' chest tightness', '37']"
"[' sharp abdominal pain', '35']","[' irregular belly button ', '11']","[' swollen abdomen', ' 6']"
"[' hip pain', '65']","[' leg pain', '56']","[' knee pain', '44']"
"[' fever', '50']","[' nasal congestion', '44']","[' cough', '43']"
"[' skin rash', '93']","[' itching of skin', '67']","[' abnormal appearing skin', '45']"
"[' nasal congestion', '88']","[' allergic reaction', '77']","[' itchiness of eye', '67']"
"[' dizziness', '86']","[' fainting', '69']","[' weakness', '54']"
"[' abnormal breathing sounds', '83']","[' apnea', '77']","[' sleepiness', '76']"
"[' vomiting', '62']","[' nausea', '58']","[' sharp abdominal pain', '53']"
"[' skin rash', '64']","[' itching of skin', '38']","[' skin dryness', '26']"
"[' shoulder pain', '91']","[' arm pain', '32']","[' wrist pain', '11']"
"[' sharp abdominal pain', '85']","[' regurgitation', '51']","[' blood in stool', '51']"
"[' sharp abdominal pain', '73']","[' vaginal discharge', '70']","[' pelvic pain', '46']"
"[' sore throat', '83']","[' fever', '69']","[' nasal congestion', '58']"
"[' dizziness', '28']","[' fatigue', '21']","[' flatulence', '12']"
"[' hip pain', '93']","[' leg pain', '56']","[' low back pain', '43']"
"[' skin lesion', '78']","[' difficulty speaking', '11']","[' skin on leg or foot looks infected', ' 6']"
"[' weakness', '64']","[' difficulty breathing', '53']","[' fluid retention', '45']"
"[' diminished hearing', '90']","[' plugged feeling in ear', '57']","[' ringing in ear', '49']"
"[' skin lesion', '83']","[' skin on leg or foot looks infected', ' 7']","[' skin pain', ' 1']"
"[' back pain', '36']","[' hip pain', '20']","[' joint pain', '15']"
"[' sharp abdominal pain', '88']","[' vomiting', '77']","[' nausea', '70']"
"[' ache all over', '73']","[' leg pain', '71']","[' back pain', '68']"
"[' painful urination', '83']","[' penile discharge', '74']","[' frequent urination', '39']"
"[' painful urination', '58']","[' frequent urination', '52']","[' pain in testicles', '41']"
"[' ear pain', '94']","[' fluid in ear', '38']","[' redness in ear', '36']"
"[' problems with movement', '53']","[' seizures', '53']","[' dizziness', '45']"
"[' pain in testicles', '80']","[' symptoms of the scrotum and testes', '76']","[' swelling of scrotum', '63']"
"[' drainage in throat', '51']","[' anxiety and nervousness', '51']","[' back pain', '51']"
"[' retention of urine', '73']","[' painful urination', '36']","[' suprapubic pain', '34']"
"[' fatigue', '40']","[' hot flashes', ' 9']","[' joint pain', ' 9']"
"[' spotting or bleeding during pregnancy', '71']","[' pain during pregnancy', '52']","[' problems during pregnancy', '44']"
"[' neck pain', '86']","[' headache', '84']","[' back pain', '40']"
"[' cough', '33']","[' shortness of breath', '31']","[' sweating', '10']"
"[' vaginal discharge', '52']","[' recent pregnancy', '34']","[' heartburn', '34']"
"[' cough', '91']","[' fever', '78']","[' nasal congestion', '76']"
"[' diminished vision', '83']","[' symptoms of eye', '35']","[' spots or clouds in vision', '33']"
"[' disturbance of memory', '53']","[' problems with movement', '45']","[' depressive or psychotic symptoms', '32']"
"[' skin rash', '71']","[' abnormal appearing skin', '47']","[' itching of skin', '46']"
"[' shortness of breath', '43']","[' sharp chest pain', '34']","[' palpitations', '32']"
"[' sharp chest pain', '26']","[' lymphedema', ' 6']","[' lack of growth', ' 6']"
"[' joint pain', '46']","[' paresthesia', '36']","[' feeling ill', '36']"
"[' pain in eye', '79']","[' eye redness', '47']","[' foreign body sensation in eye', '38']"
"[' shortness of breath', '62']","[' cough', '59']","[' nausea', '49']"
"[' abnormal appearing skin', '46']","[' skin lesion', '35']","[' leg pain', '30']"
"[' vaginal bleeding after menopause', '53']","[' heavy menstrual flow', '45']","[' unpredictable menstruation', '35']"
"[' weight gain', '78']","[' skin lesion', '34']","[' infertility', '17']"
"[' shortness of breath', '43']","[' fatigue', '31']","[' excessive urination at night', '23']"
"[' skin rash', '97']","[' fever', '79']","[' cough', '40']"
"[' preoccupation with sex', '91']","[' wrist cramps or spasms', '91']","[' joint cramps or spasms', '91']"
"[' vomiting', '93']","[' diarrhea', '88']","[' nausea', '75']"
"[' retention of urine', '58']","[' symptoms of prostate', '48']","[' frequent urination', '42']"
"[' hot flashes', '58']","[' unpredictable menstruation', '23']","[' sweating', '21']"
"[' fatigue', '32']","[' cough', '28']","[' frontal headache', '16']"
"[' sharp abdominal pain', '35']","[' decreased appetite', ' 9']","[' stomach bloating', ' 6']"
"[' diminished vision', '77']","[' spots or clouds in vision', '33']","[' symptoms of eye', '27']"
"[' hip pain', '90']","[' leg pain', '24']","[' knee pain', '24']"
"[' neck pain', '87']","[' back pain', '71']","[' low back pain', '52']"
"[' constipation', '90']","[' sharp abdominal pain', '80']","[' diarrhea', '52']"
"[' apnea', '51']","[' fainting', '51']","[' depression', '51']"
"[' lack of growth', '39']","[' seizures', '31']","[' gum pain', '15']"
"[' knee swelling', '00']","[' knee pain', '00']","[' preoccupation with sex', '32']"
"[' neck swelling', '52']","[' skin on arm or hand looks infected', '52']","[' skin on leg or foot looks infected', '52']"
"[' depressive or psychotic symptoms', '74']","[' delusions or hallucinations', '49']","[' abusing alcohol', '49']"
"[' sharp abdominal pain', '77']","[' vomiting', '47']","[' diarrhea', '45']"
"[' cough', '92']","[' nasal congestion', '66']","[' fever', '63']"
"[' vomiting', '96']","[' nausea', '83']","[' sharp abdominal pain', '72']"
"[' foot or toe pain', '44']","[' skin lesion', '23']","[' foot or toe swelling', '10']"
"[' palpitations', '67']","[' chest tightness', '56']","[' ache all over', '56']"
"[' headache', '39']","[' pain during pregnancy', '34']","[' problems during pregnancy', '31']"
"[' sharp chest pain', '57']","[' shortness of breath', '48']","[' difficulty breathing', '32']"
"[' headache', '43']","[' abnormal appearing skin', '27']","[' diminished hearing', '15']"
"[' skin rash', '93']","[' fever', '62']","[' abnormal appearing skin', '45']"
"[' sharp abdominal pain', '49']","[' nausea', '33']","[' fatigue', '27']"
"[' loss of sensation', '79']","[' paresthesia', '58']","[' foot or toe pain', '58']"
"[' cough', '94']","[' fever', '77']","[' difficulty breathing', '66']"
"[' heavy menstrual flow', '77']","[' unpredictable menstruation', '33']","[' pelvic pain', '30']"
"[' diminished vision', '70']","[' eye deviation', '33']","[' pain in eye', '23']"
"[' upper abdominal pain', '91']","[' lower abdominal pain', '91']","[' preoccupation with sex', '20']"
"[' arm pain', '68']","[' hand or finger swelling', '58']","[' elbow pain', '58']"
"[' ear pain', '80']","[' diminished hearing', '60']","[' fluid in ear', '43']"
"[' impotence', '84']","[' retention of urine', '28']","[' symptoms of prostate', '23']"
"[' blood in urine', '89']","[' sharp abdominal pain', '40']","[' painful urination', '35']"
"[' shortness of breath', '31']","[' symptoms of the kidneys', '24']","[' difficulty speaking', ' 3']"
"[' knee pain', '95']","[' leg pain', '26']","[' knee swelling', '22']"
"[' skin rash', '66']","[' irregular appearing nails', '61']","[' foot or toe pain', '41']"
"[' painful urination', '61']","[' involuntary urination', '58']","[' retention of urine', '55']"
"[' fever', '49']","[' skin rash', '46']","[' headache', '46']"
"[' fatigue', '39']","[' weakness', '28']","[' dizziness', '25']"
"[' shortness of breath', '84']","[' difficulty breathing', '72']","[' cough', '45']"
"[' fatigue', '27']","[' abnormal involuntary movements', '19']","[' double vision', '15']"
"[' hand or finger pain', '28']","[' hand or finger swelling', '11']","[' skin on arm or hand looks infected', ' 4']"
"[' leg pain', '52']","[' loss of sensation', '37']","[' skin lesion', '37']"
"[' impotence', '66']","[' premature ejaculation', '54']","[' loss of sex drive', '49']"
"[' fatigue', '32']","[' weakness', '28']","[' dizziness', '27']"
"[' hip pain', '61']","[' shoulder pain', '54']","[' knee pain', '53']"
"[' cough', '85']","[' sore throat', '82']","[' fever', '78']"
"[' weakness', '58']","[' leg weakness', '42']","[' difficulty speaking', '42']"
"[' diminished vision', '83']","[' blindness', '37']","[' spots or clouds in vision', '34']"
"[' palpitations', '72']","[' sharp chest pain', '70']","[' increased heart rate', '67']"
"[' skin lesion', '63']","[' leg swelling', '34']","[' peripheral edema', '34']"
"[' vaginal discharge', '74']","[' sharp abdominal pain', '69']","[' pelvic pain', '35']"
"[' acne or pimples', '94']","[' skin rash', '38']","[' abnormal appearing skin', '21']"
"[' depression', '81']","[' depressive or psychotic symptoms', '57']","[' anxiety and nervousness', '53']"
"[' drug abuse', '60']","[' depressive or psychotic symptoms', '51']","[' depression', '46']"
"[' retention of urine', '64']","[' blood in urine', '45']","[' side pain', '42']"
"[' excessive appetite', '51']","[' difficulty in swallowing', '51']","[' frequent urination', '51']"
"[' pain in eye', '76']","[' diminished vision', '67']","[' eye redness', '63']"
"[' pain in testicles', '72']","[' mass in scrotum', '71']","[' symptoms of the scrotum and testes', '41']"
"[' sharp abdominal pain', '73']","[' diarrhea', '63']","[' burning abdominal pain', '38']"
"[' foot or toe pain', '84']","[' ankle pain', '49']","[' foot or toe swelling', '42']"
"[' sharp abdominal pain', '81']","[' lower abdominal pain', '59']","[' pelvic pain', '50']"
"[' penile discharge', '59']","[' vaginal discharge', '59']","[' painful urination', '49']"
"[' sharp abdominal pain', '38']","[' skin rash', '35']","[' fever', '31']"
"[' facial pain', '72']","[' peripheral edema', '31']","[' jaw swelling', '26']"
"[' preoccupation with sex', '91']","[' wrist cramps or spasms', '91']","[' joint cramps or spasms', '91']"
"[' skin swelling', '47']","[' back mass or lump', '37']","[' arm lump or mass', '35']"
"[' vaginal pain', '49']","[' vulvar irritation', '36']","[' skin lesion', '32']"
"[' shortness of breath', '68']","[' difficulty breathing', '39']","[' fatigue', '33']"
"[' difficulty in swallowing', '29']","[' fatigue', '26']","[' neck mass', '21']"
"[' toothache', '88']","[' facial pain', '37']","[' gum pain', '25']"
"[' nausea', '84']","[' weight gain', '68']","[' upper abdominal pain', '68']"
"[' sore throat', '60']","[' fever', '55']","[' swollen lymph nodes', '53']"
"[' neck pain', '53']","[' headache', '46']","[' facial pain', '41']"
"[' shortness of breath', '54']","[' fatigue', '32']","[' sharp chest pain', '32']"
"[' joint pain', '43']","[' knee pain', '42']","[' ache all over', '29']"
"[' pain in testicles', '75']","[' mass in scrotum', '60']","[' swelling of scrotum', '41']"
"[' skin rash', '86']","[' skin lesion', '53']","[' fever', '40']"
"[' pain of the anus', '71']","[' blood in stool', '33']","[' sharp abdominal pain', '33']"
"[' depressive or psychotic symptoms', '73']","[' weakness', '63']","[' leg stiffness or tightness', '45']"
"[' depressive or psychotic symptoms', '57']","[' excessive anger', '42']","[' hostile behavior', '40']"
"[' headache', '90']","[' nausea', '46']","[' vomiting', '39']"
"[' skin lesion', '48']","[' foot or toe pain', '37']","[' loss of sensation', '33']"
"[' impotence', '56']","[' fatigue', '38']","[' loss of sex drive', '26']"
"[' problems during pregnancy', '24']","[' pain during pregnancy', '18']","[' uterine contractions', '15']"
"[' arm lump or mass', '41']","[' arm pain', '41']","[' skin rash', '38']"
"[' fever', '86']","[' shortness of breath', '77']","[' joint pain', '60']"
"[' eye redness', '90']","[' pain in eye', '62']","[' cough', '62']"
"[' disturbance of memory', '68']","[' delusions or hallucinations', '59']","[' problems with movement', '53']"
"[' itching of the anus', '32']","[' stomach bloating', '32']","[' focal weakness', '32']"
"[' weakness', '37']","[' fatigue', '29']","[' problems with movement', ' 9']"
"[' headache', '68']","[' neck pain', '36']","[' dizziness', '29']"
"[' sharp abdominal pain', '85']","[' fever', '69']","[' jaundice', '62']"
"[' unpredictable menstruation', '67']","[' sharp abdominal pain', '42']","[' heavy menstrual flow', '31']"
"[' cough', '86']","[' fever', '73']","[' nasal congestion', '67']"
"[' loss of sensation', '79']","[' foot or toe pain', '51']","[' paresthesia', '47']"
"[' headache', '94']","[' fever', '87']","[' fainting', '72']"
"[' anxiety and nervousness', '76']","[' depressive or psychotic symptoms', '60']","[' depression', '60']"
"[' vomiting', '83']","[' diarrhea', '69']","[' nausea', '67']"
"[' depressive or psychotic symptoms', '60']","[' delusions or hallucinations', '56']","[' depression', '43']"
"[' knee pain', '93']","[' knee swelling', '31']","[' knee stiffness or tightness', '22']"
"[' shortness of breath', '47']","[' dizziness', '37']","[' sharp chest pain', '33']"
"[' fever', '80']","[' depressive or psychotic symptoms', '52']","[' shortness of breath', '52']"
"[' feeling hot', '80']","[' palpitations', '63']","[' chills', '63']"
"[' sharp abdominal pain', '82']","[' upper abdominal pain', '70']","[' nausea', '56']"
"[' shortness of breath', '43']","[' difficulty breathing', '30']","[' sharp chest pain', '26']"
"[' shortness of breath', '53']","[' sharp chest pain', '39']","[' fatigue', '27']"
"[' anxiety and nervousness', '82']","[' depression', '67']","[' depressive or psychotic symptoms', '33']"
"[' headache', '87']","[' fever', '80']","[' vomiting', '53']"
"[' skin rash', '63']","[' jaundice', '45']","[' neck pain', '45']"
"[' excessive growth', '35']","[' weight gain', '26']","[' headache', '26']"
"[' loss of sensation', '47']","[' poor circulation', '34']","[' hand or finger swelling', '34']"
"[' hip pain', '77']","[' ache all over', '77']","[' knee pain', '77']"
"[' skin rash', '96']","[' itching of skin', '71']","[' skin swelling', '26']"
"[' plugged feeling in ear', '81']","[' ear pain', '76']","[' diminished hearing', '67']"
"[' problems during pregnancy', '30']","[' headache', '25']","[' pain during pregnancy', '22']"
"[' leg pain', '70']","[' loss of sensation', '53']","[' leg swelling', '37']"
"[' abnormal appearing skin', '61']","[' skin rash', '61']","[' acne or pimples', '52']"
"[' headache', '54']","[' facial pain', '30']","[' vomiting', '30']"
"[' diminished vision', '74']","[' symptoms of eye', '57']","[' upper abdominal pain', '57']"
"[' facial pain', '43']","[' headache', '41']","[' pain in eye', '31']"
"[' cough', '90']","[' sore throat', '75']","[' fever', '64']"
"[' toothache', '86']","[' facial pain', '81']","[' jaw swelling', '38']"
"[' pain of the anus', '64']","[' mass or swelling around the anus', '26']","[' skin swelling', '26']"
"[' lump or mass of breast', '89']","[' pain or soreness of breast', '56']","[' bleeding or discharge from nipple', '21']"
"[' anxiety and nervousness', '70']","[' depression', '66']","[' depressive or psychotic symptoms', '57']"
"[' kidney mass', '35']","[' retention of urine', '13']","[' symptoms of the kidneys', '10']"
"[' ache all over', '37']","[' back pain', '37']","[' fluid retention', '23']"
"[' diminished vision', '64']","[' eye redness', '56']","[' pain in eye', '54']"
"[' diarrhea', '52']","[' sharp abdominal pain', '52']","[' regurgitation', '47']"
"[' painful urination', '72']","[' suprapubic pain', '64']","[' frequent urination', '62']"
"[' ache all over', '42']","[' leg pain', '37']","[' fever', '29']"
"[' pain in eye', '70']","[' eye redness', '67']","[' diminished vision', '39']"
"[' rectal bleeding', '74']","[' pain of the anus', '60']","[' blood in stool', '50']"
"[' skin rash', '88']","[' itching of skin', '55']","[' abnormal appearing skin', '31']"
"[' sharp chest pain', '57']","[' dizziness', '52']","[' shortness of breath', '51']"
"[' sharp chest pain and 26% report having headache', '29']","[' headache', '26']"
"[' sharp abdominal pain', '84']","[' pelvic pain', '60']","[' lower abdominal pain', '57']"
"[' sharp abdominal pain', '53']","[' jaundice', '38']","[' upper abdominal pain', '30']"
"[' constipation', '87']","[' sharp abdominal pain', '77']","[' burning abdominal pain', '37']"
"[' fatigue', '22']","[' difficulty in swallowing', '17']","[' neck mass', '12']"
"[' fever', '91']","[' cough', '87']","[' sore throat', '63']"
"[' ear pain', '87']","[' arm weakness', '72']","[' flatulence', '72']"
"[' abnormal involuntary movements', '90']","[' headache', '49']","[' abnormal movement of eyelid', '36']"
"[' skin moles', '79']","[' skin lesion', '58']","[' abnormal appearing skin', '56']"
"[' neck pain', '86']","[' shoulder pain', '70']","[' arm pain', '68']"
"[' pelvic pain', '13']","[' vaginal discharge', '11']","[' heavy menstrual flow', ' 6']"
"[' sharp abdominal pain', '60']","[' anxiety and nervousness', '41']","[' sharp chest pain', '41']"
"[' sharp chest pain', '66']","[' sharp abdominal pain', '53']","[' vomiting', '50']"
"[' sharp abdominal pain', '00']","[' preoccupation with sex', '32']","[' wrist cramps or spasms', '32']"
"[' vaginal itching', '62']","[' vaginal discharge', '58']","[' skin rash', '52']"
"[' back pain', '35']","[' skin lesion', '33']","[' headache', '25']"
"[' depressive or psychotic symptoms', '53']","[' depression', '48']","[' drug abuse', '18']"
"[' sharp abdominal pain', '61']","[' abusing alcohol', '50']","[' peripheral edema', '37']"
"[' sharp chest pain', '66']","[' headache', '60']","[' shortness of breath', '51']"
"[' sharp abdominal pain', '87']","[' lower abdominal pain', '60']","[' diarrhea', '49']"
"[' blindness', '54']","[' loss of sensation', '54']","[' seizures', '54']"
"[' dizziness', '80']","[' weakness', '68']","[' headache', '64']"
"[' depressive or psychotic symptoms', '74']","[' depression', '54']","[' delusions or hallucinations', '45']"
"[' loss of sensation', '55']","[' foot or toe pain', '55']","[' hand or finger swelling', '37']"
"[' bumps on penis', '53']","[' penis pain', '53']","[' abnormal appearing skin', '42']"
"[' smoking problems', '44']","[' cough', '42']","[' sharp chest pain', '34']"
"[' back pain', '65']","[' neck pain', '55']","[' ankle pain', '46']"
"[' abnormal involuntary movements', '95']","[' problems with movement', '35']","[' dizziness', '30']"
"[' ear pain', '65']","[' bleeding from ear', '32']","[' fluid in ear', '21']"
"[' nasal congestion', '26']","[' redness in or around nose', ' 8']","[' regurgitation', ' 8']"
"[' painful menstruation', '69']","[' sharp abdominal pain', '64']","[' pelvic pain', '44']"
"[' nasal congestion', '35']","[' fever', '35']","[' cough', '32']"
"[' unpredictable menstruation', '69']","[' scanty menstrual flow', '37']","[' painful menstruation', '37']"
"[' sharp chest pain', '76']","[' shortness of breath', '71']","[' rib pain', '41']"
"[' wrist pain', '88']","[' hand or finger pain', '73']","[' shoulder pain', '43']"
"[' back pain', '79']","[' low back pain', '66']","[' neck pain', '47']"
"[' drug abuse', ' 9']","[' fears and phobias', ' 2']","[' mouth pain', ' 2']"
"[' jaw swelling', '86']","[' ear pain', '86']","[' neck swelling', '77']"
"[' headache', '71']","[' dizziness', '35']","[' neck pain', '31']"
"[' pain during pregnancy', '51']","[' itching of skin', '51']","[' sharp abdominal pain', '51']"
"[' lacrimation', '72']","[' pain in eye', '66']","[' abnormal movement of eyelid', '58']"
"[' acne or pimples', '34']","[' skin lesion', '34']","[' abnormal appearing skin', '26']"
"[' diarrhea', '56']","[' burning abdominal pain', '42']","[' nasal congestion', '33']"
"[' ear pain', '75']","[' diminished hearing', '52']","[' plugged feeling in ear', '50']"
"[' sharp abdominal pain', '91']","[' lower abdominal pain', '64']","[' vomiting', '57']"
"[' fatigue', '27']","[' dizziness', '27']","[' palpitations', '21']"
"[' depressive or psychotic symptoms', '83']","[' anxiety and nervousness', '66']","[' depression', '66']"
"[' facial pain', '22']","[' redness in or around nose', ' 1']","[' leg stiffness or tightness', ' 1']"
"[' neck pain', '77']","[' back pain', '70']","[' low back pain', '59']"
"[' penis pain', '44']","[' penis redness', '35']","[' retention of urine', '24']"
"[' vomiting', '93']","[' nausea', '85']","[' problems during pregnancy', '74']"
"[' uterine contractions', '27']","[' pain during pregnancy', '25']","[' problems during pregnancy', '24']"
"[' pain in testicles', '23']","[' knee swelling', '23']","[' regurgitation', '23']"
"[' spotting or bleeding during pregnancy', '60']","[' pain during pregnancy', '38']","[' cramps and spasms', '23']"
"[' depressive or psychotic symptoms', '63']","[' back pain', '63']","[' diminished hearing', '45']"
"[' knee pain', '73']","[' knee swelling', '56']","[' fever', '42']"
"[' skin rash', '65']","[' foot or toe pain', '61']","[' itching of skin', '48']"
"[' sharp chest pain', '82']","[' shortness of breath', '76']","[' cough', '62']"
"[' diminished vision', '73']","[' itchiness of eye', '28']","[' symptoms of eye', '28']"
"[' vaginal discharge', '39']","[' skin lesion', '39']","[' vulvar irritation', '35']"
"[' dizziness', '70']","[' muscle cramps', '41']","[' difficulty speaking', '41']"
"[' peripheral edema', '77']","[' facial pain', '60']","[' swollen lymph nodes', '51']"
"[' problems with shape or size of breast', '67']","[' lump or mass of breast', '61']","[' back pain', '55']"
"[' painful urination', '65']","[' suprapubic pain', '60']","[' sharp abdominal pain', '60']"
"[' lacrimation', '65']","[' double vision', '47']","[' decreased appetite', '47']"
"[' skin rash', '92']","[' fever', '67']","[' itching of skin', '44']"
"[' back pain', '66']","[' low back pain', '51']","[' leg pain', '31']"
"[' foot or toe pain', '80']","[' foot or toe lump or mass', '31']","[' knee pain', '25']"
"[' palpitations', '61']","[' sharp chest pain', '50']","[' dizziness', '48']"
"[' ringing in ear', '37']","[' delusions or hallucinations', '37']","[' apnea', '37']"
"[' facial pain', '90']","[' headache', '64']","[' loss of sensation', '29']"
"[' back pain', '74']","[' low back pain', '72']","[' hip pain', '57']"
"[' loss of sensation', '69']","[' leg pain', '52']","[' paresthesia', '46']"
"[' skin growth', '80']","[' skin swelling', '43']","[' skin lesion', '31']"
"[' anxiety and nervousness', '50']","[' depressive or psychotic symptoms', '50']","[' depression', '50']"
"[' blindness', '47']","[' mouth ulcer', '47']","[' upper abdominal pain', '47']"
"[' depressive or psychotic symptoms', '75']","[' depression', '55']","[' anxiety and nervousness', '37']"
"[' retention of urine', '23']","[' blood in urine', '17']","[' symptoms of prostate', '15']"
"[' headache', '84']","[' neck pain', '63']","[' focal weakness', '52']"
"[' hand or finger pain', '79']","[' hand or finger swelling', '38']","[' hand or finger stiffness or tightness', '18']"
"[' arm stiffness or tightness', '46']","[' seizures', '46']","[' lack of growth', '30']"
"[' sharp abdominal pain', '86']","[' vomiting', '55']","[' nausea', '51']"
"[' sharp abdominal pain', '37']","[' groin pain', '25']","[' ache all over', '25']"
"[' involuntary urination', '77']","[' preoccupation with sex', '11']","[' wrist cramps or spasms', '11']"
"[' headache and 10% report having abusing alcohol', '30']","[' abusing alcohol', '10']"
"[' skin lesion', '71']","[' abnormal appearing skin', '70']","[' skin moles', '56']"
"[' knee pain', '26']","[' headache', '24']","[' hand or finger pain', '19']"
"[' spotting or bleeding during pregnancy', '80']","[' sharp abdominal pain', '65']","[' pain during pregnancy', '61']"
"[' skin rash', '47']","[' painful urination', '36']","[' vaginal pain', '33']"
"[' depressive or psychotic symptoms', '60']","[' depression', '60']","[' anxiety and nervousness', '59']"
"[' sharp abdominal pain', '87']","[' upper abdominal pain', '68']","[' nausea', '58']"
"[' fatigue', '43']","[' loss of sensation', '42']","[' headache', '31']"
"[' difficulty in swallowing', '65']","[' sharp chest pain', '65']","[' regurgitation', '47']"
"[' hip pain', '82']","[' groin pain', '54']","[' back pain', '50']"
"[' cough', '77']","[' wheezing', '70']","[' shortness of breath', '70']"
"[' sharp chest pain', '25']","[' weight gain', '10']","[' smoking problems', ' 2']"
"[' diarrhea', '65']","[' sharp abdominal pain', '53']","[' blood in stool', '40']"
"[' penis redness', '52']","[' swelling of scrotum', '52']","[' pain in testicles', '47']"
"[' warts', '28']","[' vaginal itching', '12']","[' vaginal discharge', '12']"
"[' sharp chest pain', '92']","[' shortness of breath', '59']","[' chest tightness', '40']"
"[' neck pain', '60']","[' neck cramps or spasms', '47']","[' back pain', '47']"
"[' nasal congestion', '72']","[' headache', '48']","[' painful sinuses', '30']"
"[' skin rash', '82']","[' itching of skin', '71']","[' skin lesion', '47']"
"[' foreign body sensation in eye', '80']","[' eyelid lesion or rash', '63']","[' itchiness of eye', '44']"
"[' skin rash', '91']","[' itching of skin', '77']","[' swelling of scrotum', '49']"
"[' sharp abdominal pain', '26']","[' rectal bleeding', '14']","[' blood in stool', ' 6']"
"[' abnormal appearing skin', '79']","[' skin rash', '52']","[' skin lesion', '46']"
"[' disturbance of memory', '81']","[' depressive or psychotic symptoms', '72']","[' lip swelling', '54']"
"[' sore throat', '00']","[' nosebleed', '91']","[' chills', '91']"
"[' bleeding or discharge from nipple', '84']","[' pain or soreness of breast', '65']","[' lump or mass of breast', '30']"
"[' nasal congestion', '43']","[' cough', '43']","[' preoccupation with sex', ' 3']"
"[' shoulder pain', '96']","[' neck pain', '32']","[' knee pain', '32']"
"[' itchy scalp', '49']","[' blindness', '49']","[' irregular appearing scalp', '49']"
"[' lump or mass of breast', '90']","[' pain or soreness of breast', '50']","[' bleeding or discharge from nipple', '19']"
"[' hand or finger pain', '30']","[' hand or finger swelling', '11']","[' skin on arm or hand looks infected', ' 5']"
"[' spotting or bleeding during pregnancy', '73']","[' sharp abdominal pain', '51']","[' pain during pregnancy', '49']"
"[' vomiting', '84']","[' nausea', '66']","[' weakness', '46']"
"[' vaginal pain', '77']","[' groin pain', '77']","[' nausea', '77']"
"[' preoccupation with sex', '91']","[' wrist cramps or spasms', '91']","[' joint cramps or spasms', '91']"
"[' anxiety and nervousness', '68']","[' depression', '56']","[' depressive or psychotic symptoms', '47']"
"[' ankle pain', '88']","[' foot or toe pain', '71']","[' ankle swelling', '40']"
"[' weakness', '55']","[' vomiting', '53']","[' nausea', '48']"
"[' difficulty in swallowing', '82']","[' vomiting', '53']","[' regurgitation', '32']"
"[' ankle pain', '79']","[' ankle swelling', '36']","[' leg pain', '31']"
"[' skin lesion', '53']","[' abnormal appearing skin', '42']","[' skin growth', '36']"
"[' back pain', '36']","[' knee pain', '27']","[' shoulder pain', '25']"
"[' seizures', '91']","[' headache', '32']","[' abnormal involuntary movements', '13']"
"[' depressive or psychotic symptoms', '70']","[' depression', '68']","[' anxiety and nervousness', '51']"
"[' skin rash', '82']","[' back pain', '41']","[' skin lesion', '40']"
"[' abnormal involuntary movements', '77']","[' depressive or psychotic symptoms', '33']","[' headache', '27']"
"[' hip pain', '86']","[' knee pain', '53']","[' shoulder pain', '45']"
"[' sore throat', '95']","[' fever', '85']","[' cough', '59']"
"[' problems with movement', '72']","[' dizziness', '53']","[' abnormal involuntary movements', '42']"
"[' skin lesion', '56']","[' skin on leg or foot looks infected', '29']","[' hand or finger pain', '20']"
"[' symptoms of eye', '60']","[' diminished vision', '46']","[' ache all over', '36']"
"[' shoulder pain', '94']","[' shoulder stiffness or tightness', '56']","[' neck pain', '33']"
"[' sharp abdominal pain', '26']","[' drug abuse', '13']","[' abusing alcohol', '13']"
"[' swollen or red tonsils', '71']","[' abnormal breathing sounds', '71']","[' sore throat', '56']"
"[' sharp abdominal pain', '82']","[' vomiting', '75']","[' nausea', '65']"
"[' skin lesion', '67']","[' abnormal appearing skin', '55']","[' skin moles', '29']"
"[' itchiness of eye', '84']","[' preoccupation with sex', '14']","[' wrist cramps or spasms', '14']"
"[' mouth ulcer', '82']","[' fever', '59']","[' sore throat', '54']"
"[' sore throat', '75']","[' swollen or red tonsils', '62']","[' abnormal breathing sounds', '48']"
"[' sharp abdominal pain', '48']","[' diarrhea', '39']","[' neck mass', '28']"
"[' headache', '00']","[' preoccupation with sex', '32']","[' wrist cramps or spasms', '32']"
"[' sharp abdominal pain', '48']","[' nausea', '45']","[' vomiting', '41']"
"[' depressive or psychotic symptoms', '47']","[' seizures', '34']","[' hostile behavior', '26']"
"[' anxiety and nervousness', '77']","[' sharp chest pain', '47']","[' headache', '45']"
"[' disturbance of memory', '52']","[' depressive or psychotic symptoms', '48']","[' depression', '31']"
"[' skin growth', '63']","[' foot or toe pain', '62']","[' skin rash', '52']"
"[' leg weakness', '55']","[' leg pain', '55']","[' loss of sensation', '49']"
"[' low back pain', '85']","[' back pain', '84']","[' leg pain', '48']"
"[' nasal congestion', '79']","[' abnormal breathing sounds', '43']","[' headache', '36']"
"[' abnormal appearing skin', '64']","[' skin lesion', '50']","[' skin moles', '38']"
"[' preoccupation with sex', '20']","[' wrist cramps or spasms', '20']","[' joint cramps or spasms', '20']"
"[' skin lesion', '55']","[' leg pain', '51']","[' foot or toe pain', '24']"
"[' back pain', '90']","[' low back pain', '70']","[' leg pain', '50']"
"[' shortness of breath', '77']","[' sharp chest pain', '47']","[' difficulty breathing', '37']"
"[' eye redness', '87']","[' pain in eye', '67']","[' cough', '49']"
"[' low back pain', '78']","[' back pain', '76']","[' leg pain', '66']"
"[' sharp chest pain', '59']","[' depressive or psychotic symptoms', '54']","[' arm pain', '48']"
"[' pain or soreness of breast', '85']","[' lump or mass of breast', '53']","[' abnormal appearing skin', '40']"
"[' sharp abdominal pain', '53']","[' back pain', '35']","[' shortness of breath', '28']"
"[' shortness of breath', '73']","[' sharp chest pain', '65']","[' difficulty breathing', '35']"
"[' depressive or psychotic symptoms', '54']","[' hostile behavior', '52']","[' excessive anger', '31']"
"[' preoccupation with sex', '91']","[' wrist cramps or spasms', '91']","[' joint cramps or spasms', '91']"
"[' pain or soreness of breast', '21']","[' lump or mass of breast', '21']","[' problems with shape or size of breast', ' 8']"
"[' pain in testicles', '91']","[' swelling of scrotum', '73']","[' groin pain', '46']"
"[' uterine contractions', '92']","[' spotting or bleeding during pregnancy', '28']","[' weight gain', '28']"
"[' skin rash', '76']","[' skin swelling', '56']","[' skin lesion', '54']"
"[' leg pain', '61']","[' vaginal pain', '43']","[' arm swelling', '43']"
"[' vaginal discharge', '92']","[' sharp abdominal pain', '57']","[' vaginal itching', '50']"
"[' retention of urine', '80']","[' symptoms of bladder', '46']","[' impotence', '44']"
"[' skin lesion', '41']","[' abnormal appearing skin', '35']","[' skin moles', '16']"
"[' vaginal bleeding after menopause', '32']","[' sharp abdominal pain', '32']","[' pelvic pain', '22']"
"[' sore throat', '87']","[' hoarse voice', '83']","[' cough', '79']"
"[' skin rash', '83']","[' skin lesion', '45']","[' skin dryness', '38']"
"[' depressive or psychotic symptoms', '51']","[' drug abuse', '47']","[' slurring words', '25']"
"[' diaper rash', '81']","[' skin rash', '64']","[' diarrhea', '56']"
"[' itching of skin', '47']","[' abnormal appearing skin', '47']","[' skin rash', '47']"
"[' sharp abdominal pain', '79']","[' vomiting', '52']","[' nausea', '51']"
"[' groin pain', '57']","[' groin mass', '37']","[' sharp abdominal pain', '36']"
"[' skin rash', '78']","[' itching of skin', '49']","[' abnormal appearing skin', '45']"
"[' depressive or psychotic symptoms', '60']","[' anxiety and nervousness', '53']","[' depression', '36']"
"[' fever', '83']","[' mouth ulcer', '77']","[' sore throat', '60']"
"[' hand or finger pain', '73']","[' skin on arm or hand looks infected', '67']","[' irregular appearing nails', '65']"
"[' lip swelling', '10']","[' facial pain', '10']","[' wrist swelling', ' 4']"
"[' fever', '61']","[' vomiting', '47']","[' sharp abdominal pain', '41']"
"[' lip swelling', '45']","[' skin lesion', '45']","[' foot or toe pain', '45']"
"[' low back pain', '80']","[' back pain', '79']","[' leg pain', '74']"
"[' headache', '88']","[' diminished vision', '50']","[' dizziness', '26']"
"[' eye redness', '91']","[' pain in eye', '66']","[' itchiness of eye', '54']"
"[' headache', '38']","[' nosebleed', '34']","[' facial pain', '17']"
